19170020,ABC4,HCM,HHC
19170021,ABC4,HCM,HHC
19170022,ABC4,HCM,HHC
19170023,ABC4,HCM,HHC
19170024,ABC4,HCM,HHC
19170025,ABC4,HCM,HHC
19170026,ABC4,HCM,HHC
19170027,ABC4,HCM,HHC
19170028,ABC4,HCM,HHC
19170029,ABC4,HCM,HHC
19170030,ABC4,HCM,HHC
19170031,ABC4,HCM,HHC
19170032,ABC4,HCM,HHC
19170033,ABC4,HCM,HHC
19170034,ABC4,HCM,HHC
19170035,ABC4,HCM,HHC
19170036,ABC4,HCM,HHC
19170037,ABC4,HCM,HHC
19170038,ABC4,HCM,HHC
19170039,ABC4,HCM,HHC
19170040,ABC4,HCM,HHC
19170041,ABC4,HCM,HHC
19170042,ABC4,HCM,HHC
19170043,ABC4,HCM,HHC
19170044,ABC4,HCM,HHC
19170045,ABC4,HCM,HHC
19170046,ABC4,HCM,HHC
19170047,ABC4,HCM,HHC
19170048,ABC4,HCM,HHC
19170049,ABC4,HCM,HHC